"funder_id";"funder_name"
"2660ca80-f672-11ee-850e-34735ab0864a";"MOHCC"
"2660f814-f672-11ee-850e-34735ab0864a";"Zim-TTECH"
"2660f979-f672-11ee-850e-34735ab0864a";"EGPAF"
"2660f9f9-f672-11ee-850e-34735ab0864a";"JSI"
"2660fa5b-f672-11ee-850e-34735ab0864a";"FHI 360"
"2660faba-f672-11ee-850e-34735ab0864a";"AU"
"2660fb26-f672-11ee-850e-34735ab0864a";"MCHIP"
"2660fb86-f672-11ee-850e-34735ab0864a";"CHAI"
"266103c3-f672-11ee-850e-34735ab0864a";"UZT"
"2661043c-f672-11ee-850e-34735ab0864a";"KAPNEK"
"2661049f-f672-11ee-850e-34735ab0864a";"ICAP"
"266104f9-f672-11ee-850e-34735ab0864a";"HOSPAZ"
"26610558-f672-11ee-850e-34735ab0864a";"CRS"
"266105ae-f672-11ee-850e-34735ab0864a";"NEWLANDS CLINIC"
"266106bd-f672-11ee-850e-34735ab0864a";"MFS BELGIUM"
"2661072c-f672-11ee-850e-34735ab0864a";"MFS FRANCE"
"26610790-f672-11ee-850e-34735ab0864a";"BOHS"
"26610803-f672-11ee-850e-34735ab0864a";"OPHID"
"26610863-f672-11ee-850e-34735ab0864a";"NAC"
"26610990-f672-11ee-850e-34735ab0864a";"UNICEF"
"26610a01-f672-11ee-850e-34735ab0864a";"WHO"
"26610a5f-f672-11ee-850e-34735ab0864a";"JHWO"
"26610ac5-f672-11ee-850e-34735ab0864a";"PSH"
"26610b2a-f672-11ee-850e-34735ab0864a";"ZICHIRE"
"26610b92-f672-11ee-850e-34735ab0864a";"ZVANDIRI"
"26610bee-f672-11ee-850e-34735ab0864a";"UZ-CRC"
"26610c56-f672-11ee-850e-34735ab0864a";"ZACH"
"26611625-f672-11ee-850e-34735ab0864a";"ZHI"
"266116c3-f672-11ee-850e-34735ab0864a";"COMPRE Health Services"
"2661173d-f672-11ee-850e-34735ab0864a";"PANGEA"
"266117a5-f672-11ee-850e-34735ab0864a";"GLOBAL FUND"
"26611812-f672-11ee-850e-34735ab0864a";"BRTI"
"26611878-f672-11ee-850e-34735ab0864a";"ICCAP"
"fb08493e-f678-11ee-850e-34735ab0864a";"PEPFAR"
"fb0859c7-f678-11ee-850e-34735ab0864a";"CDC"
"fb085ab7-f678-11ee-850e-34735ab0864a";"USAID"
"fb085b20-f678-11ee-850e-34735ab0864a";"UNICEF"
"fb085b61-f678-11ee-850e-34735ab0864a";"CIFF"
"fb085bf8-f678-11ee-850e-34735ab0864a";"Other"
"ffa79970-f678-11ee-850e-34735ab0864a";"PEPFAR"
"ffa7ab52-f678-11ee-850e-34735ab0864a";"CDC"
"ffa7ac64-f678-11ee-850e-34735ab0864a";"USAID"
"ffa7ad04-f678-11ee-850e-34735ab0864a";"UNICEF"
"ffa7ad78-f678-11ee-850e-34735ab0864a";"CIFF"
"ffa7adf0-f678-11ee-850e-34735ab0864a";"Other"
